Modelo,Precio Normal,Precio Oferta
iPhone 15 Plus 128GB,$1.099.990,$969.990
iPhone 14 256GB,$1.099.990,$848.990
iPhone 13 512GB,$1.199.990,$869.990
iPhone 13 512GB,$1.199.990,$869.990
iPhone 15 Pro 512GB,$1.579.990,$1.418.990
iPhone 13 512GB,$1.199.990,$869.990
iPhone 15 Pro Max 512GB,$1.699.990,$1.535.180
iPhone 15 Plus 512GB,$1.523.090,$1.249.990
iPhone 15 128GB,$999.990,$879.990
iPhone 12 128GB,$949.990,$625.990
iPhone 15 Plus 128GB,$1.099.990,$969.990
iPhone 13 512GB,$1.199.990,$869.990
iPhone 13 512GB,$1.199.990,$869.990
iPhone 15 Plus 256GB,$1.219.990,$101.666
iPhone 15 Plus 512GB,$1.523.090,$1.288.226
iPhone 15 Plus 128GB,$1.299.990,$1.049.990
iPhone 11 64GB,$669.990,$359.990
iPhone 11 64GB,$669.990,$359.990
iPhone 14 256GB,$1.099.990,$789.990
iPhone 15 Pro Max 512GB,$1.699.990,$1.469.990