marca y modelo,precio normal,precio oferta
Iphone 11 64gb,$699.990,$399.990
Iphone 11 64gb,$699.990,$399.990
Iphone 11 64GB,$699.990,$399.990
Iphone 12 128GB,$799.990,$529.990
Iphone 13 128GB,$869.990,$679.990
Iphone 13 256GB,$929.990,$729.990
Iphone 14 128GB,$949.990,$699.990
Iphone 14 128GB,$949.990,$749.990
Iphone 14 Plus 256GB,$1.249.990,$899.990
Iphone 15 128GB,$1.099.990,$829.990
Iphone 15 Negro 256GB,$1.199.990,$979.990
Iphone 15 Pro Max 256GB,$1.599.990,$1.399.990
Iphone 15 Pro 256GB,$1.499.990,$1.249.990
Iphone 15 512GB,$1.349.990,$1.199.990
